strategy_total_return,buyhold_total_return,strategy_sharpe,buyhold_sharpe,n_long_days,n_flat_days
0.25754334599066064,0.15468919273180726,3.2579598867879582,1.5988058083427976,108,48
