{
  "w_lstm": 0.263550605087159,
  "w_tcn": 0.2141849282565029,
  "w_gru": 0.5222644666563381,
  "val_accuracy": 0.7115384615384616
}